id,name
1,"Tag 1"
2,"Tag 2"
3,"Tag 3"
4,"Tag 4"
5,"Tag 5"
6,"Tag 6"
7,"Tag 7"
8,"Tag 8"
9,"Tag 9"
10,"Tag 10"
11,"Tag 11"
12,"Tag 12"
13,"Tag 13"
14,"Tag 14"
15,"Tag 15"
16,"Tag 16"
17,"Tag 17"
18,"Tag 18"
19,"Tag 19"
20,"Tag 20"
21,"Tag 21"
22,"Tag 22"
23,"Tag 23"
24,"Tag 24"
25,"Tag 25"
26,"Tag 26"
27,"Tag 27"
28,"Tag 28"
29,"Tag 29"
30,"Tag 30"
31,"Tag 31"
32,"Tag 32"
33,"Tag 33"
34,"Tag 34"
35,"Tag 35"
36,"Tag 36"
37,"Tag 37"
38,"Tag 38"
39,"Tag 39"
40,"Tag 40"
41,"Tag 41"
42,"Tag 42"
43,"Tag 43"
44,"Tag 44"
45,"Tag 45"
46,"Tag 46"
47,"Tag 47"
48,"Tag 48"
49,"Tag 49"
50,"Tag 50"
51,"Tag 51"
52,"Tag 52"
53,"Tag 53"
54,"Tag 54"
55,"Tag 55"
56,"Tag 56"
57,"Tag 57"
58,"Tag 58"
59,"Tag 59"
60,"Tag 60"
61,"Tag 61"
62,"Tag 62"
63,"Tag 63"
64,"Tag 64"
65,"Tag 65"
66,"Tag 66"
67,"Tag 67"
68,"Tag 68"
69,"Tag 69"
70,"Tag 70"
71,"Tag 71"
72,"Tag 72"
73,"Tag 73"
74,"Tag 74"
75,"Tag 75"
76,"Tag 76"
77,"Tag 77"
78,"Tag 78"
79,"Tag 79"
80,"Tag 80"
81,"Tag 81"
82,"Tag 82"
83,"Tag 83"
84,"Tag 84"
85,"Tag 85"
86,"Tag 86"
87,"Tag 87"
88,"Tag 88"
89,"Tag 89"
90,"Tag 90"
91,"Tag 91"
92,"Tag 92"
93,"Tag 93"
94,"Tag 94"
95,"Tag 95"
96,"Tag 96"
97,"Tag 97"
98,"Tag 98"
99,"Tag 99"
100,"Tag 100"

